run_id	started_at	finished_at	duration_seconds	extractor	service_tier_requested	selected_doc_count	gemini_calls	api_calls	cache_hits	failed_calls	recorded_input_tokens	recorded_cached_input_tokens	recorded_output_tokens	recorded_thinking_tokens	estimated_cost_usd	known_estimated_cost_usd	cost_status	run_dir
build-astro-calendar-computation-10-3flash-med-flex-20260919	2026-09-19T01:33:03Z	2026-09-19T01:54:21Z	1278.0	gemini:3-flash-med	flex	10	35	35	0	0	499078	296629	119786	119863	0.4249172	0.4249172	estimated	.build~/decode-lab/build-astro-calendar-computation-10-3flash-med-flex-20260919
build-astro-math-indic-50-batch-01-3flash-med-flex-20260919	2026-09-19T02:49:21Z	2026-09-19T03:02:12Z	771.0	gemini:3-flash-med	flex	10	26	26	0	0	185015	61719	90853	72348	0.27871145	0.27871145	estimated	.build~/decode-lab/build-astro-math-indic-50-batch-01-3flash-med-flex-20260919
build-astro-math-indic-50-batch-02-3flash-med-flex-20260919	2026-09-19T03:30:11Z	2026-09-19T03:30:38Z	27.0	gemini:3-flash-med	flex	10	39	34	5	0	345665	99485	120233	95422	0.39000175	0.39000175	estimated	.build~/decode-lab/build-astro-math-indic-50-batch-02-3flash-med-flex-20260919
build-astro-math-indic-50-batch-03-3flash-med-flex-20260919	2026-09-19T03:31:14Z	2026-09-19T03:52:33Z	1279.0	gemini:3-flash-med	flex	10	38	38	0	0	355906	124840	134292	119767	0.445097	0.445097	estimated	.build~/decode-lab/build-astro-math-indic-50-batch-03-3flash-med-flex-20260919
build-astro-math-indic-50-batch-04-3flash-med-flex-20260919	2026-09-19T04:17:39Z	2026-09-19T04:24:29Z	410.0	gemini:3-flash-med	flex	10	49	49	0	0	450732	137299	128869	174251	0.5399032	0.5399032	estimated	.build~/decode-lab/build-astro-math-indic-50-batch-04-3flash-med-flex-20260919
build-astro-math-indic-50-batch-05-3flash-med-flex-20260919	2026-09-19T04:24:52Z	2026-09-19T04:47:06Z	1334.0	gemini:3-flash-med	flex	10	37	37	0	0	341003	95682	138519	105238	0.43174985	0.43174985	estimated	.build~/decode-lab/build-astro-math-indic-50-batch-05-3flash-med-flex-20260919
build-astro-math-indic-digital	2026-04-18T03:08:37Z	2026-04-18T03:31:00Z	1343.0	gemini:3-flash-med	standard	184	71	71	0	0	0	0	0	0		0	unknown	.build~/decode-lab/build-astro-math-indic-digital
build-astro-math-indic-raster	2026-04-18T03:08:38Z	2026-04-18T03:34:41Z	1563.0	gemini:3-flash-med	standard	248	111	88	23	1	0	0	0	0		0	unknown	.build~/decode-lab/build-astro-math-indic-raster
cost-tracking-local-smoke	2026-09-19T00:13:14Z	2026-09-19T00:13:15Z	1.0	local	standard	2	0	0	0	0	0	0	0	0	0	0	not_applicable	.build~/decode-lab/cost-tracking-local-smoke
decode-iyengar-astro-first-2	2026-04-22T21:06:16Z	2026-04-22T21:06:18Z	2.0	gemini:3-flash-med	standard	2	5	0	5	0	0	0	0	0	0	0	cache_only	.build~/decode-lab/decode-iyengar-astro-first-2
decode-iyengar-ijhs-astro-9	2026-04-22T21:18:15Z	2026-04-22T21:43:02Z	1487.0	gemini:3-flash-med	standard	9	40	40	0	1	0	0	0	0		0	unknown	.build~/decode-lab/decode-iyengar-ijhs-astro-9
pilot-Vol28_3_1_YOhashi-3flash-med-flex-20260919	2026-09-19T00:30:19Z	2026-09-19T00:30:20Z	1.0	gemini:3-flash-med	flex	1	14	0	14	0	0	0	0	0	0	0	cache_only	.build~/decode-lab/pilot-Vol28_3_1_YOhashi-3flash-med-flex-20260919
pilot-Vol28_3_1_YOhashi-3flash-med-flex-fresh-20260919	2026-09-19T00:31:06Z	2026-09-19T00:39:48Z	522.0	gemini:3-flash-med	flex	1	14	14	0	0	495483	384804	72540	54247	0.23709045	0.23709045	estimated	.build~/decode-lab/pilot-Vol28_3_1_YOhashi-3flash-med-flex-fresh-20260919
pilot-Vol33_1_8_Supplement-3flash-med-flex-20260919	2026-09-19T00:51:20Z	2026-09-19T00:51:20Z	0.0	gemini:3-flash-med	flex	1	10	0	10	0	0	0	0	0	0	0	cache_only	.build~/decode-lab/pilot-Vol33_1_8_Supplement-3flash-med-flex-20260919
pilot-Vol33_2_10_Supplement-3flash-med-flex-20260919	2026-09-19T00:51:12Z	2026-09-19T00:51:13Z	1.0	gemini:3-flash-med	flex	1	9	0	9	0	0	0	0	0	0	0	cache_only	.build~/decode-lab/pilot-Vol33_2_10_Supplement-3flash-med-flex-20260919
pilot-Vol33_3_7_Supplement-3flash-med-flex-20260919	2026-09-19T00:51:29Z	2026-09-19T00:51:30Z	1.0	gemini:3-flash-med	flex	1	12	0	12	0	0	0	0	0	0	0	cache_only	.build~/decode-lab/pilot-Vol33_3_7_Supplement-3flash-med-flex-20260919
pilot-Vol43_4_2_Sbalachandrarao-3flash-med-flex-20260919	2026-09-19T00:51:03Z	2026-09-19T00:51:04Z	1.0	gemini:3-flash-med	flex	1	8	0	8	0	0	0	0	0	0	0	cache_only	.build~/decode-lab/pilot-Vol43_4_2_Sbalachandrarao-3flash-med-flex-20260919
pilot-sadratnamaala-ihjs-2001-issue3and4-3flash-med-flex-20260919	2026-09-19T00:51:37Z	2026-09-19T00:51:38Z	1.0	gemini:3-flash-med	flex	1	13	0	13	0	0	0	0	0	0	0	cache_only	.build~/decode-lab/pilot-sadratnamaala-ihjs-2001-issue3and4-3flash-med-flex-20260919
repair-01-43539-2024-127	2026-04-20T17:05:16Z	2026-04-20T17:08:10Z	174.0	gemini:3-flash-med	standard	1	4	4	0	0	0	0	0	0		0	unknown	.build~/decode-lab/repair-01-43539-2024-127
repair-Vol26_2_6_KVSarma	2026-04-21T19:59:39Z	2026-04-21T20:03:26Z	227.0	gemini:3-flash-med	standard	1	5	5	0	0	0	0	0	0		0	unknown	.build~/decode-lab/repair-Vol26_2_6_KVSarma
repair-Vol28_1_2_SCKak	2026-04-21T20:31:09Z	2026-04-21T20:34:25Z	196.0	gemini:3-flash-med	standard	1	4	4	0	1	0	0	0	0		0	unknown	.build~/decode-lab/repair-Vol28_1_2_SCKak
repair-Vol28_1_2_SCKak-pagewise	2026-04-21T20:35:12Z	2026-04-21T20:43:54Z	522.0	gemini:3-flash-med	standard	1	20	20	0	0	0	0	0	0		0	unknown	.build~/decode-lab/repair-Vol28_1_2_SCKak-pagewise
repair-Vol43_1_1_RNIyengar-pagewise-20260919	2026-09-19T10:01:01Z	2026-09-19T10:14:35Z	814.0	gemini:3-flash-med	flex	1	27	27	0	0	390339	247312	23238	94245	0.22434685	0.22434685	estimated	.build~/decode-lab/repair-Vol43_1_1_RNIyengar-pagewise-20260919
repair-contract-smoke	2026-04-15T18:01:08Z	2026-04-15T18:01:09Z	1.0	local	standard	1	0	0	0	0	0	0	0	0	0	0	not_applicable	.build~/decode-lab/repair-contract-smoke
repair-lazy-smoke	2026-04-15T18:02:06Z	2026-04-15T18:02:07Z	1.0	local	standard	1	0	0	0	0	0	0	0	0	0	0	not_applicable	.build~/decode-lab/repair-lazy-smoke
